,Mobile Phones,Price
0,"New I15 Pro Max Smartphone 7.3"" Android Dual SIM 8GB+256GB Unlocked Mobile Phone",$119.99
1,Open Box! Samsung Galaxy S20 FE 5G SM-G781U 128GB 6GB RAM (UNLOCKED) All Colors,$185.00
2,"Lot of Broken Phones - Samsung S10+, S20, S8+, S22 Ultra(NOT WORKING)",$25.00
3,OnePlus 9 - 128GB 8GB - T-Mobile (Read Description) BE1040,$71.00
4,"Cat Phone Galaxy S22 Flip 16GB/4GB 2.8"" Touchscreen T-Mobile Smartphone - Black",$45.52
5,Galaxy Note 20 Ultra 5G - 128GB - T-Mobile (Read Description) BC1143,$72.00
6,OnePlus 10T 5G 128GB Moonstone Black  T-Mobile Unlocked Smartphone - Brand New.,$284.99
7,New ListingSamsung Galaxy S20 Ultra 5g SM-G988U 128GB  Grey T-Mobile,$125.00
8,Galaxy Note 10 Plus - 256GB - T-Mobile (Read Description) BE1078,$77.00
9,New ListingT Mobile Sidekick LX PV 300 Read Description ,$120.00
10,iPhone 13 - 128GB - T-Mobile (Read Description) BE1030,$202.50
11,Samsung Galaxy S10 S10e S10+ Plus 128GB 512GB Unlocked Verizon T-Mobile AT&T ,$84.85 to $274.85
12,Galaxy S8 Plus - 64GB - ATT (Read Description) BC1118,$41.00
13,GOOD! MOTOROLA GSTYLUS 5G (2021) - T-MOBILE 128GB - COSMIC EMERALD SMARTPHONE,$59.49
14,Apple iPhone 11  Unlocked Verizon At&t T-Mobile 64GB/128GB Smartphone 4G,$173.00 to $305.00
15,"Samsung Galaxy A23 5G SM-A236U, 64GB, Black Unlocked/ Locked T-Mobile AT&T",$79.99 to $139.99
16,LG Velvet 5G - LM-G900VMP 128GB Gray Verizon + GSM Unlocked LTE Smartphone USED,$91.03
17,New ListingGalaxy S8 - 64GB - Unlocked (Read Description) BE1240,$19.50
18,New ListingSmartphone/ Iphone Lot For Parts- Untested- As Is,$145.00
19,New ListingiPhone 12 Pro Max - 128GB - T-Mobile (Read Description) BE1278,$125.50
20,iPhone 11 - 128GB - T-Mobile (Read Description) AF1069,$83.00
21,New ListingiPhone 13 Pro Max - 256GB - T-Mobile (Read Description) BC1049,$91.00
22,Samsung Galaxy S9 Plus - Verizon - 64GB - Blue (Read Description) BE4007,$48.00
23,2024 New Mini Flip Mobile Phone 2 SIM Card Small Display Foldable Cell Phone.,$21.86
24,Galaxy S8 Plus - 64GB - T-Mobile (Read Description) BD1132,$26.00
25,iPhone 7 Plus - 128GB - Unlocked (Read Description) BE1083,$64.00
26,New ListingSamsung Galaxy Note8 SM-N950 - 64GB - Midnight Black (Unlocked)(Enterprise...,$29.90
27,New ListingiPhone 13 Pro - 128GB - T-Mobile (Read Description) BE1284,$80.00
28,Samsung Galaxy A03s SM-A037U 32GB / 64GB Unlocked T-Mobile AT&T Verizon MetroPCS,$50.00
29,Samsung Galaxy A14 5G SM-A415U 64GB AT&T T-Mobile MetroPCS Verizon Unlocked,$49.99 to $89.99
30,NEW CAT S22 T-Mobile Unlocked 4G LTE Rugged Touch Screen 16GB Android Flip Phone,$79.99 to $99.99
31,Apple iPhone 12 A2172 64/128/256GB AT&T T-Mobile Verizon Unlocked GREAT,$65.00
32,Samsung Galaxy A71 Verizon 128GB Prism Crush Black (Read Description) BE3003,$249.99 to $439.99
33,Samsung Galaxy A14 SM-A146U 64 GB Cell Phone,$39.00
34,Cat S62 SMARTPHONE S62 T-Mobile Unlocked 128GB Black C,$39.00
35,Motorola Edge Plus 5G UW (2022) Unlocked 256GB Blue (Read Description) BE4009,$61.99
36,OnePlus 6T - 128GB - T-Mobile - Black (Read Description) BE3015,$28.00
37,iPhone X - 256GB - Unlocked (Read Description) BD1104,$32.17
38,Samsung Galaxy A54 5G 128GB SM-A546 50 MP ESim + Physical Unlocked T-Mobile AT&T,$100.00
39,"Apple iPhone 8 (Great Condition) Factory Unlocked, AT&T, T-Mobile or Verizon",$199.99 to $249.99
40,CAT S31 16GB Factory Unlocked Rugged Android 4G LTE Smartphone,$142.99 to $242.99
41,iPhone 11 - 64GB - T-Mobile (Read Description) BE1111,$59.00
42,Samsung S9 - 64GB - Verizon (Read Description) BE1076,$161.50
43,Apple iPhone 5c - 8GB 16GB 32GB Unlocked 4G Mobile phone FULL Working Sealed box,$23.50
44,Nokia 2720 - 4GB -Gray (Unlocked) (Dual Sim),$37.00 to $43.00
45,NUU Mobile B20 5G Smartphone,$49.99
46,New ListingSamsung Galaxy S22 Ultra - 128 GB - Phantom Black (T-Mobile) Read Description,$59.50
47,ðŸ“± Apple iPhone 5S 16/32/64GB Unlocked Used No fingerprint mobile phone IOS12 ðŸ“±,$99.00
48,"Apple iPhone 7 - All Colors, 32GB, 128GB, 256GB, Used - Good",$23.00
49,Good Condition âœ¨ Samsung Galaxy S4 (SCH-I545) 16GB [Verizon] Smartphone 4G LTE,$54.99 to $74.99
